[
    {
        "id": 1454184815633354761,
        "date": "Fri Oct 29 20:34:12 +0000 2021",
        "text": "b'@ExpresoPeru Pedro Castillo tiembla!!! Lapadula regresa y viene x ti!!! #VacanciaPresidencialYa'",
        "user_id": 1306649476464078849,
        "user_name": "@Gatito0602",
        "location": {},
        "retweeted": false
    },
    {
        "id": 1454185510948282370,
        "date": "Fri Oct 29 20:36:57 +0000 2021",
        "text": "b'#Biblia #Jesus #RicardoClaurePe\\xc3\\xb1aloza #SinfoniasCelestiales #Profecias #34a\\xc3\\xb1osDeHistoria #SalvarElAlmaHastaDelUltimoHombre @RicardoClaureP #MaradonaTV\\xe2\\x80\\xafLionel Messi #MissVenezuela #GISELLE Pochettino Orme\\xc3\\xb1o \\xd9\\x85\\xd9\\x8a\\xd8\\xb3\\xd9\\x8a Miley Cyrus Loyola Valera'",
        "user_id": 1417973277432164356,
        "user_name": "@DanielS80589143",
        "location": {},
        "retweeted": false
    },
    {
        "id": 1454185538995503108,
        "date": "Fri Oct 29 20:37:04 +0000 2021",
        "text": "b'Hoy traemos la locura a todo lo que da.  A Orme\\xc3\\xb1o me lo cepillaron de Per\\xc3\\xba y la Fiera visita el infierno.  Los esperamos a las 8:30 con mis buenos amigos @tito_manriquez y @earmendarizm.'",
        "user_id": 1009880015104815104,
        "user_name": "@ChequeGasca17",
        "location": {},
        "retweeted": false
    }
]