{"created_at":"Fri Oct 29 20:34:12 +0000 2021","id":1454184815633354761,"id_str":"1454184815633354761","text":"@ExpresoPeru Pedro Castillo tiembla!!! Lapadula regresa y viene x ti!!! #VacanciaPresidencialYa","display_text_range":[13,95],"source":"\u003ca href=\"http:\/\/twitter.com\/download\/android\" rel=\"nofollow\"\u003eTwitter for Android\u003c\/a\u003e","truncated":false,"in_reply_to_status_id":1454161242390765575,"in_reply_to_status_id_str":"1454161242390765575","in_reply_to_user_id":225232891,"in_reply_to_user_id_str":"225232891","in_reply_to_screen_name":"ExpresoPeru","user":{"id":1306649476464078849,"id_str":"1306649476464078849","name":"Gatito0602\ud83c\uddf5\ud83c\uddea\ud83c\uddf5\ud83c\uddea","screen_name":"Gatito0602","location":null,"url":null,"description":"#anticaviar #anticomunista #libremercado","translator_type":"none","protected":false,"verified":false,"followers_count":155,"friends_count":121,"listed_count":0,"favourites_count":57110,"statuses_count":12515,"created_at":"Thu Sep 17 17:41:37 +0000 2020","utc_offset":null,"time_zone":null,"geo_enabled":false,"lang":null,"contributors_enabled":false,"is_translator":false,"profile_background_color":"F5F8FA","profile_background_image_url":"","profile_background_image_url_https":"","profile_background_tile":false,"profile_link_color":"1DA1F2","profile_sidebar_border_color":"C0DEED","profile_sidebar_fill_color":"DDEEF6","profile_text_color":"333333","profile_use_background_image":true,"profile_image_url":"http:\/\/pbs.twimg.com\/profile_images\/1306666710876000256\/DJEt9bj__normal.jpg","profile_image_url_https":"https:\/\/pbs.twimg.com\/profile_images\/1306666710876000256\/DJEt9bj__normal.jpg","default_profile":true,"default_profile_image":false,"following":null,"follow_request_sent":null,"notifications":null,"withheld_in_countries":[]},"geo":null,"coordinates":null,"place":null,"contributors":null,"is_quote_status":false,"quote_count":0,"reply_count":0,"retweet_count":0,"favorite_count":0,"entities":{"hashtags":[{"text":"VacanciaPresidencialYa","indices":[72,95]}],"urls":[],"user_mentions":[{"screen_name":"ExpresoPeru","name":"Diario Expreso","id":225232891,"id_str":"225232891","indices":[0,12]}],"symbols":[]},"favorited":false,"retweeted":false,"filter_level":"low","lang":"es","timestamp_ms":"1635539652151"}

{"created_at":"Fri Oct 29 20:36:57 +0000 2021","id":1454185510948282370,"id_str":"1454185510948282370","text":"#Biblia #Jesus\n#RicardoClaurePe\u00f1aloza #SinfoniasCelestiales #Profecias #34a\u00f1osDeHistoria\u2026 https:\/\/t.co\/mtGZ7sEsOB","source":"\u003ca href=\"http:\/\/twitter.com\/download\/android\" rel=\"nofollow\"\u003eTwitter for Android\u003c\/a\u003e","truncated":true,"in_reply_to_status_id":null,"in_reply_to_status_id_str":null,"in_reply_to_user_id":null,"in_reply_to_user_id_str":null,"in_reply_to_screen_name":null,"user":{"id":1417973277432164356,"id_str":"1417973277432164356","name":"Daniel Suarez","screen_name":"DanielS80589143","location":null,"url":null,"description":null,"translator_type":"none","protected":false,"verified":false,"followers_count":2,"friends_count":3,"listed_count":0,"favourites_count":169,"statuses_count":268,"created_at":"Wed Jul 21 22:23:00 +0000 2021","utc_offset":null,"time_zone":null,"geo_enabled":false,"lang":null,"contributors_enabled":false,"is_translator":false,"profile_background_color":"F5F8FA","profile_background_image_url":"","profile_background_image_url_https":"","profile_background_tile":false,"profile_link_color":"1DA1F2","profile_sidebar_border_color":"C0DEED","profile_sidebar_fill_color":"DDEEF6","profile_text_color":"333333","profile_use_background_image":true,"profile_image_url":"http:\/\/pbs.twimg.com\/profile_images\/1420504710180712449\/PWk-tN2u_normal.jpg","profile_image_url_https":"https:\/\/pbs.twimg.com\/profile_images\/1420504710180712449\/PWk-tN2u_normal.jpg","default_profile":true,"default_profile_image":false,"following":null,"follow_request_sent":null,"notifications":null,"withheld_in_countries":[]},"geo":null,"coordinates":null,"place":null,"contributors":null,"quoted_status_id":1427356569021341701,"quoted_status_id_str":"1427356569021341701","quoted_status":{"created_at":"Mon Aug 16 19:48:19 +0000 2021","id":1427356569021341701,"id_str":"1427356569021341701","text":"\u00bfPOR QU\u00c9 ES NECESARIO QUE GOBIERNES TUS PENSAMIENTOS? \ud83e\udd14\ud83d\udcad\n\n\ud83d\udca1Conoce la respuesta haciendo clic al enlace \ud83d\udcf2\u2026 https:\/\/t.co\/eBfh9981vX","display_text_range":[0,140],"source":"\u003ca href=\"https:\/\/mobile.twitter.com\" rel=\"nofollow\"\u003eTwitter Web App\u003c\/a\u003e","truncated":true,"in_reply_to_status_id":null,"in_reply_to_status_id_str":null,"in_reply_to_user_id":null,"in_reply_to_user_id_str":null,"in_reply_to_screen_name":null,"user":{"id":174745267,"id_str":"174745267","name":"Ricardo Claure Pe\u00f1aloza","screen_name":"RicardoClaureP","location":null,"url":"https:\/\/linktr.ee\/Ricardo_Claure_Penaloza","description":"Predicando la Segunda Venida de #Jesucristo para que su Iglesia se prepare... para testimonio a todas las naciones | Pastor Cristiano Evang\u00e9lico |","translator_type":"none","protected":false,"verified":false,"followers_count":7415,"friends_count":633,"listed_count":29,"favourites_count":8056,"statuses_count":37203,"created_at":"Wed Aug 04 18:29:24 +0000 2010","utc_offset":null,"time_zone":null,"geo_enabled":true,"lang":null,"contributors_enabled":false,"is_translator":false,"profile_background_color":"0099B9","profile_background_image_url":"http:\/\/abs.twimg.com\/images\/themes\/theme4\/bg.gif","profile_background_image_url_https":"https:\/\/abs.twimg.com\/images\/themes\/theme4\/bg.gif","profile_background_tile":true,"profile_link_color":"1B95E0","profile_sidebar_border_color":"FFFFFF","profile_sidebar_fill_color":"F2F2F2","profile_text_color":"3C3940","profile_use_background_image":false,"profile_image_url":"http:\/\/pbs.twimg.com\/profile_images\/1268981173918806017\/eGapD6vU_normal.jpg","profile_image_url_https":"https:\/\/pbs.twimg.com\/profile_images\/1268981173918806017\/eGapD6vU_normal.jpg","profile_banner_url":"https:\/\/pbs.twimg.com\/profile_banners\/174745267\/1628523008","default_profile":false,"default_profile_image":false,"following":null,"follow_request_sent":null,"notifications":null,"withheld_in_countries":[]},"geo":null,"coordinates":null,"place":null,"contributors":null,"is_quote_status":false,"extended_tweet":{"full_text":"\u00bfPOR QU\u00c9 ES NECESARIO QUE GOBIERNES TUS PENSAMIENTOS? \ud83e\udd14\ud83d\udcad\n\n\ud83d\udca1Conoce la respuesta haciendo clic al enlace \ud83d\udcf2\nhttps:\/\/t.co\/3iF6BNYLxZ\n\nMensaje completo: \ud83d\udce9\nhttps:\/\/t.co\/ZlHg6jPIrY\n\n#RicardoClaurePe\u00f1aloza\n#34A\u00f1osDeHistoria https:\/\/t.co\/3QWMZTCG1k","display_text_range":[0,215],"entities":{"hashtags":[{"text":"RicardoClaurePe\u00f1aloza","indices":[175,197]},{"text":"34A\u00f1osDeHistoria","indices":[198,215]}],"urls":[{"url":"https:\/\/t.co\/3iF6BNYLxZ","expanded_url":"https:\/\/vm.tiktok.com\/ZMdw5oF44\/","display_url":"vm.tiktok.com\/ZMdw5oF44\/","indices":[105,128]},{"url":"https:\/\/t.co\/ZlHg6jPIrY","expanded_url":"https:\/\/youtu.be\/DSjokoPInWY","display_url":"youtu.be\/DSjokoPInWY","indices":[150,173]}],"user_mentions":[],"symbols":[],"media":[{"id":1427356478244073478,"id_str":"1427356478244073478","indices":[216,239],"additional_media_info":{"monetizable":false},"media_url":"http:\/\/pbs.twimg.com\/ext_tw_video_thumb\/1427356478244073478\/pu\/img\/KZ7nhK8je5wDVokg.jpg","media_url_https":"https:\/\/pbs.twimg.com\/ext_tw_video_thumb\/1427356478244073478\/pu\/img\/KZ7nhK8je5wDVokg.jpg","url":"https:\/\/t.co\/3QWMZTCG1k","display_url":"pic.twitter.com\/3QWMZTCG1k","expanded_url":"https:\/\/twitter.com\/RicardoClaureP\/status\/1427356569021341701\/video\/1","type":"video","video_info":{"aspect_ratio":[9,16],"duration_millis":59467,"variants":[{"bitrate":2176000,"content_type":"video\/mp4","url":"https:\/\/video.twimg.com\/ext_tw_video\/1427356478244073478\/pu\/vid\/576x1024\/FpALrVp3-aXBABkp.mp4?tag=12"},{"bitrate":950000,"content_type":"video\/mp4","url":"https:\/\/video.twimg.com\/ext_tw_video\/1427356478244073478\/pu\/vid\/480x852\/VJHxmTeU0h3Z0ZUN.mp4?tag=12"},{"bitrate":632000,"content_type":"video\/mp4","url":"https:\/\/video.twimg.com\/ext_tw_video\/1427356478244073478\/pu\/vid\/320x568\/UGo9leMRzlNyy9zc.mp4?tag=12"},{"content_type":"application\/x-mpegURL","url":"https:\/\/video.twimg.com\/ext_tw_video\/1427356478244073478\/pu\/pl\/BxpCL426aDkiEOWc.m3u8?tag=12&container=fmp4"}]},"sizes":{"thumb":{"w":150,"h":150,"resize":"crop"},"small":{"w":383,"h":680,"resize":"fit"},"large":{"w":576,"h":1024,"resize":"fit"},"medium":{"w":576,"h":1024,"resize":"fit"}}}]},"extended_entities":{"media":[{"id":1427356478244073478,"id_str":"1427356478244073478","indices":[216,239],"additional_media_info":{"monetizable":false},"media_url":"http:\/\/pbs.twimg.com\/ext_tw_video_thumb\/1427356478244073478\/pu\/img\/KZ7nhK8je5wDVokg.jpg","media_url_https":"https:\/\/pbs.twimg.com\/ext_tw_video_thumb\/1427356478244073478\/pu\/img\/KZ7nhK8je5wDVokg.jpg","url":"https:\/\/t.co\/3QWMZTCG1k","display_url":"pic.twitter.com\/3QWMZTCG1k","expanded_url":"https:\/\/twitter.com\/RicardoClaureP\/status\/1427356569021341701\/video\/1","type":"video","video_info":{"aspect_ratio":[9,16],"duration_millis":59467,"variants":[{"bitrate":2176000,"content_type":"video\/mp4","url":"https:\/\/video.twimg.com\/ext_tw_video\/1427356478244073478\/pu\/vid\/576x1024\/FpALrVp3-aXBABkp.mp4?tag=12"},{"bitrate":950000,"content_type":"video\/mp4","url":"https:\/\/video.twimg.com\/ext_tw_video\/1427356478244073478\/pu\/vid\/480x852\/VJHxmTeU0h3Z0ZUN.mp4?tag=12"},{"bitrate":632000,"content_type":"video\/mp4","url":"https:\/\/video.twimg.com\/ext_tw_video\/1427356478244073478\/pu\/vid\/320x568\/UGo9leMRzlNyy9zc.mp4?tag=12"},{"content_type":"application\/x-mpegURL","url":"https:\/\/video.twimg.com\/ext_tw_video\/1427356478244073478\/pu\/pl\/BxpCL426aDkiEOWc.m3u8?tag=12&container=fmp4"}]},"sizes":{"thumb":{"w":150,"h":150,"resize":"crop"},"small":{"w":383,"h":680,"resize":"fit"},"large":{"w":576,"h":1024,"resize":"fit"},"medium":{"w":576,"h":1024,"resize":"fit"}}}]}},"quote_count":28,"reply_count":4,"retweet_count":9,"favorite_count":66,"entities":{"hashtags":[],"urls":[{"url":"https:\/\/t.co\/eBfh9981vX","expanded_url":"https:\/\/twitter.com\/i\/web\/status\/1427356569021341701","display_url":"twitter.com\/i\/web\/status\/1\u2026","indices":[106,129]}],"user_mentions":[],"symbols":[]},"favorited":false,"retweeted":false,"possibly_sensitive":false,"filter_level":"low","lang":"es"},"quoted_status_permalink":{"url":"https:\/\/t.co\/tffWuS6qCB","expanded":"https:\/\/twitter.com\/RicardoClaureP\/status\/1427356569021341701","display":"twitter.com\/RicardoClaureP\u2026"},"is_quote_status":true,"extended_tweet":{"full_text":"#Biblia #Jesus\n#RicardoClaurePe\u00f1aloza #SinfoniasCelestiales #Profecias #34a\u00f1osDeHistoria #SalvarElAlmaHastaDelUltimoHombre @RicardoClaureP\n#MaradonaTV\u202fLionel Messi #MissVenezuela #GISELLE Pochettino Orme\u00f1o \u0645\u064a\u0633\u064a Miley Cyrus Loyola Valera","display_text_range":[0,236],"entities":{"hashtags":[{"text":"Biblia","indices":[0,7]},{"text":"Jesus","indices":[8,14]},{"text":"RicardoClaurePe\u00f1aloza","indices":[15,37]},{"text":"SinfoniasCelestiales","indices":[38,59]},{"text":"Profecias","indices":[60,70]},{"text":"34a\u00f1osDeHistoria","indices":[71,88]},{"text":"SalvarElAlmaHastaDelUltimoHombre","indices":[89,122]},{"text":"MaradonaTV","indices":[139,150]},{"text":"MissVenezuela","indices":[164,178]},{"text":"GISELLE","indices":[179,187]}],"urls":[],"user_mentions":[{"screen_name":"RicardoClaureP","name":"Ricardo Claure Pe\u00f1aloza","id":174745267,"id_str":"174745267","indices":[123,138]}],"symbols":[]}},"quote_count":0,"reply_count":0,"retweet_count":0,"favorite_count":0,"entities":{"hashtags":[{"text":"Biblia","indices":[0,7]},{"text":"Jesus","indices":[8,14]},{"text":"RicardoClaurePe\u00f1aloza","indices":[15,37]},{"text":"SinfoniasCelestiales","indices":[38,59]},{"text":"Profecias","indices":[60,70]},{"text":"34a\u00f1osDeHistoria","indices":[71,88]}],"urls":[{"url":"https:\/\/t.co\/mtGZ7sEsOB","expanded_url":"https:\/\/twitter.com\/i\/web\/status\/1454185510948282370","display_url":"twitter.com\/i\/web\/status\/1\u2026","indices":[90,113]}],"user_mentions":[],"symbols":[]},"favorited":false,"retweeted":false,"filter_level":"low","lang":"und","timestamp_ms":"1635539817927"}

{"created_at":"Fri Oct 29 20:37:04 +0000 2021","id":1454185538995503108,"id_str":"1454185538995503108","text":"Hoy traemos la locura a todo lo que da.\n\nA Orme\u00f1o me lo cepillaron de Per\u00fa y la Fiera visita el infierno.\n\nLos espe\u2026 https:\/\/t.co\/ylSijI0Xu5","source":"\u003ca href=\"http:\/\/twitter.com\/download\/android\" rel=\"nofollow\"\u003eTwitter for Android\u003c\/a\u003e","truncated":true,"in_reply_to_status_id":null,"in_reply_to_status_id_str":null,"in_reply_to_user_id":null,"in_reply_to_user_id_str":null,"in_reply_to_screen_name":null,"user":{"id":1009880015104815104,"id_str":"1009880015104815104","name":"Ezequiel Gasca","screen_name":"ChequeGasca17","location":"Le\u00f3n, Guanajuato","url":null,"description":"Reportero @codigosgto | Soy normal hasta que entro en confianza | ezequielgasca@hotmail.com | Opiniones personales | #FuerzaCheque","translator_type":"none","protected":false,"verified":false,"followers_count":6466,"friends_count":361,"listed_count":18,"favourites_count":1,"statuses_count":14923,"created_at":"Thu Jun 21 19:25:33 +0000 2018","utc_offset":null,"time_zone":null,"geo_enabled":false,"lang":null,"contributors_enabled":false,"is_translator":false,"profile_background_color":"F5F8FA","profile_background_image_url":"","profile_background_image_url_https":"","profile_background_tile":false,"profile_link_color":"1DA1F2","profile_sidebar_border_color":"C0DEED","profile_sidebar_fill_color":"DDEEF6","profile_text_color":"333333","profile_use_background_image":true,"profile_image_url":"http:\/\/pbs.twimg.com\/profile_images\/1364286372874387456\/oowhpgNi_normal.jpg","profile_image_url_https":"https:\/\/pbs.twimg.com\/profile_images\/1364286372874387456\/oowhpgNi_normal.jpg","profile_banner_url":"https:\/\/pbs.twimg.com\/profile_banners\/1009880015104815104\/1618253575","default_profile":true,"default_profile_image":false,"following":null,"follow_request_sent":null,"notifications":null,"withheld_in_countries":[]},"geo":null,"coordinates":null,"place":null,"contributors":null,"quoted_status_id":1454108477983498240,"quoted_status_id_str":"1454108477983498240","quoted_status":{"created_at":"Fri Oct 29 15:30:51 +0000 2021","id":1454108477983498240,"id_str":"1454108477983498240","text":"\ud83e\udd2f\ud83c\uddf3\ud83c\uddec \u00a1LA LOCURA cerrar\u00e1 la semana!\n\nEste viernes acompa\u00f1a a @ChequeGasca17, @earmendarizm y @tito_manriquez por el c\u2026 https:\/\/t.co\/jccsvotz4K","display_text_range":[0,140],"source":"\u003ca href=\"https:\/\/about.twitter.com\/products\/tweetdeck\" rel=\"nofollow\"\u003eTweetDeck\u003c\/a\u003e","truncated":true,"in_reply_to_status_id":null,"in_reply_to_status_id_str":null,"in_reply_to_user_id":null,"in_reply_to_user_id_str":null,"in_reply_to_screen_name":null,"user":{"id":1442644496357806080,"id_str":"1442644496357806080","name":"TARJETA ROJA","screen_name":"MXTarjetaRoja","location":null,"url":null,"description":"TARJETA ROJA","translator_type":"none","protected":false,"verified":false,"followers_count":108,"friends_count":5,"listed_count":0,"favourites_count":52,"statuses_count":145,"created_at":"Tue Sep 28 00:17:16 +0000 2021","utc_offset":null,"time_zone":null,"geo_enabled":false,"lang":null,"contributors_enabled":false,"is_translator":false,"profile_background_color":"F5F8FA","profile_background_image_url":"","profile_background_image_url_https":"","profile_background_tile":false,"profile_link_color":"1DA1F2","profile_sidebar_border_color":"C0DEED","profile_sidebar_fill_color":"DDEEF6","profile_text_color":"333333","profile_use_background_image":true,"profile_image_url":"http:\/\/pbs.twimg.com\/profile_images\/1442644972293947396\/reH0ux6K_normal.jpg","profile_image_url_https":"https:\/\/pbs.twimg.com\/profile_images\/1442644972293947396\/reH0ux6K_normal.jpg","profile_banner_url":"https:\/\/pbs.twimg.com\/profile_banners\/1442644496357806080\/1633310639","default_profile":true,"default_profile_image":false,"following":null,"follow_request_sent":null,"notifications":null,"withheld_in_countries":[]},"geo":null,"coordinates":null,"place":null,"contributors":null,"is_quote_status":false,"extended_tweet":{"full_text":"\ud83e\udd2f\ud83c\uddf3\ud83c\uddec \u00a1LA LOCURA cerrar\u00e1 la semana!\n\nEste viernes acompa\u00f1a a @ChequeGasca17, @earmendarizm y @tito_manriquez por el canal de #TarjetaRoja para analizar la visita del Le\u00f3n al Nemesio Diez\ud83d\udc7a.\n\n\u25b6\ufe0f Sigue la transmisi\u00f3n en punto de las 8:30 pm:  https:\/\/t.co\/GSEaspttP2 https:\/\/t.co\/8MhiNNEGmx","display_text_range":[0,261],"entities":{"hashtags":[{"text":"TarjetaRoja","indices":[123,135]}],"urls":[{"url":"https:\/\/t.co\/GSEaspttP2","expanded_url":"http:\/\/bit.ly\/3B7s6ii","display_url":"bit.ly\/3B7s6ii","indices":[238,261]}],"user_mentions":[{"screen_name":"ChequeGasca17","name":"Ezequiel Gasca","id":1009880015104815104,"id_str":"1009880015104815104","indices":[59,73]},{"screen_name":"earmendarizm","name":"Edgar Armendariz","id":223213030,"id_str":"223213030","indices":[75,88]},{"screen_name":"tito_manriquez","name":"Tito Manriquez","id":2226607356,"id_str":"2226607356","indices":[91,106]}],"symbols":[],"media":[{"id":1454108470664433664,"id_str":"1454108470664433664","indices":[262,285],"media_url":"http:\/\/pbs.twimg.com\/media\/FC4H8yrXEAA1osH.jpg","media_url_https":"https:\/\/pbs.twimg.com\/media\/FC4H8yrXEAA1osH.jpg","url":"https:\/\/t.co\/8MhiNNEGmx","display_url":"pic.twitter.com\/8MhiNNEGmx","expanded_url":"https:\/\/twitter.com\/MXTarjetaRoja\/status\/1454108477983498240\/photo\/1","type":"photo","sizes":{"medium":{"w":1200,"h":1200,"resize":"fit"},"thumb":{"w":150,"h":150,"resize":"crop"},"large":{"w":1280,"h":1280,"resize":"fit"},"small":{"w":680,"h":680,"resize":"fit"}}}]},"extended_entities":{"media":[{"id":1454108470664433664,"id_str":"1454108470664433664","indices":[262,285],"media_url":"http:\/\/pbs.twimg.com\/media\/FC4H8yrXEAA1osH.jpg","media_url_https":"https:\/\/pbs.twimg.com\/media\/FC4H8yrXEAA1osH.jpg","url":"https:\/\/t.co\/8MhiNNEGmx","display_url":"pic.twitter.com\/8MhiNNEGmx","expanded_url":"https:\/\/twitter.com\/MXTarjetaRoja\/status\/1454108477983498240\/photo\/1","type":"photo","sizes":{"medium":{"w":1200,"h":1200,"resize":"fit"},"thumb":{"w":150,"h":150,"resize":"crop"},"large":{"w":1280,"h":1280,"resize":"fit"},"small":{"w":680,"h":680,"resize":"fit"}}}]}},"quote_count":1,"reply_count":0,"retweet_count":0,"favorite_count":4,"entities":{"hashtags":[],"urls":[{"url":"https:\/\/t.co\/jccsvotz4K","expanded_url":"https:\/\/twitter.com\/i\/web\/status\/1454108477983498240","display_url":"twitter.com\/i\/web\/status\/1\u2026","indices":[117,140]}],"user_mentions":[{"screen_name":"ChequeGasca17","name":"Ezequiel Gasca","id":1009880015104815104,"id_str":"1009880015104815104","indices":[59,73]},{"screen_name":"earmendarizm","name":"Edgar Armendariz","id":223213030,"id_str":"223213030","indices":[75,88]},{"screen_name":"tito_manriquez","name":"Tito Manriquez","id":2226607356,"id_str":"2226607356","indices":[91,106]}],"symbols":[]},"favorited":false,"retweeted":false,"possibly_sensitive":false,"filter_level":"low","lang":"es"},"quoted_status_permalink":{"url":"https:\/\/t.co\/Bsw4VkqkbT","expanded":"https:\/\/twitter.com\/MXTarjetaRoja\/status\/1454108477983498240","display":"twitter.com\/MXTarjetaRoja\/\u2026"},"is_quote_status":true,"extended_tweet":{"full_text":"Hoy traemos la locura a todo lo que da.\n\nA Orme\u00f1o me lo cepillaron de Per\u00fa y la Fiera visita el infierno.\n\nLos esperamos a las 8:30 con mis buenos amigos @tito_manriquez y @earmendarizm.","display_text_range":[0,186],"entities":{"hashtags":[],"urls":[],"user_mentions":[{"screen_name":"tito_manriquez","name":"Tito Manriquez","id":2226607356,"id_str":"2226607356","indices":[154,169]},{"screen_name":"earmendarizm","name":"Edgar Armendariz","id":223213030,"id_str":"223213030","indices":[172,185]}],"symbols":[]}},"quote_count":0,"reply_count":0,"retweet_count":0,"favorite_count":0,"entities":{"hashtags":[],"urls":[{"url":"https:\/\/t.co\/ylSijI0Xu5","expanded_url":"https:\/\/twitter.com\/i\/web\/status\/1454185538995503108","display_url":"twitter.com\/i\/web\/status\/1\u2026","indices":[117,140]}],"user_mentions":[],"symbols":[]},"favorited":false,"retweeted":false,"filter_level":"low","lang":"es","timestamp_ms":"1635539824614"}

